{"CAM_PBQ_FRONT_LEFT_RESET_OPTICAL_H99":{"camera_to_vehicle_extrinsics":{"yaw":45.00281870527171,"pitch":-1.2340150798229639,"roll":-1.6210339820416841,"x":-0.97646099,"y":2.60168004,"z":0.77810001},"intrinsics":{"fx":437.3,"fy":437.3,"cx":512.0,"cy":256.0,"k1":0.0,"k2":0.0,"k3":0.0,"p1":0.0,"p2":0.0,"fovH":98.99861672657836,"fovV":60.690305856576224,"width":1024,"height":512}},"CAM_PBQ_FRONT_RIGHT_RESET_OPTICAL_H99":{"camera_to_vehicle_extrinsics":{"yaw":-44.93262485117149,"pitch":0.5273240611797468,"roll":-0.3316117673413486,"x":0.97646099,"y":2.60016799,"z":0.77810001},"intrinsics":{"fx":437.3,"fy":437.3,"cx":512.0,"cy":256.0,"k1":0.0,"k2":0.0,"k3":0.0,"p1":0.0,"p2":0.0,"fovH":98.99861672657836,"fovV":60.690305856576224,"width":1024,"height":512}},"CAM_PBQ_FRONT_TELE_RESET_OPTICAL_H15":{"camera_to_vehicle_extrinsics":{"yaw":0.5830697706687166,"pitch":0.7069123061001549,"roll":-0.38095297386424126,"x":-0.032043,"y":1.93776298,"z":1.29276001},"intrinsics":{"fx":3889.0,"fy":3889.0,"cx":512.0,"cy":256.0,"k1":0.0,"k2":0.0,"k3":0.0,"p1":0.0,"p2":0.0,"fovH":15.000099544316104,"fovV":7.5323160920377585,"width":1024,"height":512}},"CAM_PBQ_FRONT_TELE_RESET_OPTICAL_H30":{"camera_to_vehicle_extrinsics":{"yaw":0.5830697706687166,"pitch":0.7069123061001549,"roll":-0.38095297386424126,"x":-0.032043,"y":1.93776298,"z":1.29276001},"intrinsics":{"fx":1910.8,"fy":1910.8,"cx":512.0,"cy":256.0,"k1":0.0,"k2":0.0,"k3":0.0,"p1":0.0,"p2":0.0,"fovH":30.00015012813208,"fovV":15.261559459693004,"width":1024,"height":512}},"CAM_PBQ_FRONT_WIDE_RESET_OPTICAL_H110":{"camera_to_vehicle_extrinsics":{"yaw":0.6188188740628577,"pitch":0.33681655825187073,"roll":0.3163986949039089,"x":0.027957,"y":1.95719099,"z":1.29270005},"intrinsics":{"fx":358.5,"fy":358.5,"cx":512.0,"cy":256.0,"k1":0.0,"k2":0.0,"k3":0.0,"p1":0.0,"p2":0.0,"fovH":110.00094006577409,"fovV":71.0602359694401,"width":1024,"height":512}},"CAM_PBQ_FRONT_WIDE_RESET_OPTICAL_H60":{"camera_to_vehicle_extrinsics":{"yaw":0.6188188740628577,"pitch":0.33681655825187073,"roll":0.3163986949039089,"x":0.027957,"y":1.95719099,"z":1.29270005},"intrinsics":{"fx":886.8,"fy":886.8,"cx":512.0,"cy":256.0,"k1":0.0,"k2":0.0,"k3":0.0,"p1":0.0,"p2":0.0,"fovH":60.000560287822005,"fovV":32.20457229715172,"width":1024,"height":512}},"CAM_PBQ_REAR_LEFT_RESET_OPTICAL_H30":{"camera_to_vehicle_extrinsics":{"yaw":168.83999499953242,"pitch":2.416152311578755,"roll":-0.14771141855862793,"x":-0.97687697,"y":2.51616502,"z":0.77880001},"intrinsics":{"fx":955.4,"fy":955.4,"cx":256.0,"cy":128.0,"k1":0.0,"k2":0.0,"k3":0.0,"p1":0.0,"p2":0.0,"fovH":30.00015012813208,"fovV":15.261559459693004,"width":512,"height":256}},"CAM_PBQ_REAR_LEFT_RESET_OPTICAL_H99":{"camera_to_vehicle_extrinsics":{"yaw":134.222998021642,"pitch":1.904338702869608,"roll":-1.494628418124205,"x":-0.97687697,"y":2.51616502,"z":0.77880001},"intrinsics":{"fx":437.3,"fy":437.3,"cx":512.0,"cy":256.0,"k1":0.0,"k2":0.0,"k3":0.0,"p1":0.0,"p2":0.0,"fovH":98.99861672657836,"fovV":60.690305856576224,"width":1024,"height":512}},"CAM_PBQ_REAR_RESET_OPTICAL_H50":{"camera_to_vehicle_extrinsics":{"yaw":-178.79263246937316,"pitch":1.235567773920378,"roll":1.7318764263267732,"x":-0.022,"y":-1.01061499,"z":0.79283297},"intrinsics":{"fx":1098.0,"fy":1098.0,"cx":512.0,"cy":256.0,"k1":0.0,"k2":0.0,"k3":0.0,"p1":0.0,"p2":0.0,"fovH":49.999502058741115,"fovV":26.248248766100332,"width":1024,"height":512}},"CAM_PBQ_REAR_RIGHT_RESET_OPTICAL_H30":{"camera_to_vehicle_extrinsics":{"yaw":-169.03632195703523,"pitch":-0.5045458605454304,"roll":0.9035730890986857,"x":0.97687697,"y":2.51616502,"z":0.77880001},"intrinsics":{"fx":955.4,"fy":955.4,"cx":256.0,"cy":128.0,"k1":0.0,"k2":0.0,"k3":0.0,"p1":0.0,"p2":0.0,"fovH":30.00015012813208,"fovV":15.261559459693004,"width":512,"height":256}},"CAM_PBQ_REAR_RIGHT_RESET_OPTICAL_H99":{"camera_to_vehicle_extrinsics":{"yaw":-134.39787818515103,"pitch":-0.9286991138993412,"roll":0.45664654430892426,"x":0.97687697,"y":2.51616502,"z":0.77880001},"intrinsics":{"fx":437.3,"fy":437.3,"cx":512.0,"cy":256.0,"k1":0.0,"k2":0.0,"k3":0.0,"p1":0.0,"p2":0.0,"fovH":98.99861672657836,"fovV":60.690305856576224,"width":1024,"height":512}}}